City_ID,City,Country,Date,Lat,Lng,Max Temp,Humidity,Cloudiness,Wind Speed
0,Ushuaia,AR,2020-11-02 21:17:06,-54.8,-68.3,60.8,55,20,4.7
1,Port Alfred,ZA,2020-11-02 21:17:55,-33.59,26.89,66.87,81,40,20.71
2,Bredasdorp,ZA,2020-11-02 21:17:56,-34.53,20.04,66.2,82,37,12.75
3,Mataura,NZ,2020-11-02 21:17:56,-46.19,168.86,53.01,78,63,4.0
4,Rikitea,PF,2020-11-02 21:17:56,-23.12,-134.97,72.18,80,6,18.21
5,Kodiak,US,2020-11-02 21:17:56,57.79,-152.41,28.4,50,1,12.75
6,Albany,US,2020-11-02 21:15:30,42.6,-73.97,37.0,60,0,1.99
7,Punta Arenas,CL,2020-11-02 21:17:57,-53.15,-70.92,55.4,58,75,8.05
8,Kaitangata,NZ,2020-11-02 21:17:57,-46.28,169.85,57.0,63,33,3.0
9,Fernie,CA,2020-11-02 21:17:57,49.5,-115.07,57.2,26,0,13.87
10,Kongoussi,BF,2020-11-02 21:17:58,13.33,-1.53,80.44,17,67,4.99
11,Hermanus,ZA,2020-11-02 21:17:58,-34.42,19.23,64.99,84,1,8.99
12,Quesnel,CA,2020-11-02 21:17:58,53.0,-122.5,53.6,46,90,11.41
13,Tiksi,RU,2020-11-02 21:17:58,71.69,128.87,0.41,89,100,4.43
14,Torbay,CA,2020-11-02 21:17:59,47.67,-52.73,55.99,100,90,41.38
15,Airai,TL,2020-11-02 21:17:59,-8.93,125.41,61.32,61,77,1.92
16,Puerto Escondido,MX,2020-11-02 21:14:07,15.85,-97.07,86.0,66,75,10.29
17,Port Elizabeth,ZA,2020-11-02 21:17:59,-33.92,25.57,64.4,88,0,14.99
18,Iqaluit,CA,2020-11-02 21:18:00,63.75,-68.51,17.6,67,75,18.34
19,Puerto Ayora,EC,2020-11-02 21:18:00,-0.74,-90.35,80.6,61,75,16.11
20,Te Anau,NZ,2020-11-02 21:18:00,-45.42,167.72,53.55,60,54,0.67
21,Kapaa,US,2020-11-02 21:18:00,22.08,-159.32,78.8,83,75,6.93
22,Batagay-Alyta,RU,2020-11-02 21:18:01,67.8,130.41,-8.18,83,96,2.35
23,Ust-Maya,RU,2020-11-02 21:18:01,60.42,134.53,-8.09,87,0,8.9
24,Tasiilaq,GL,2020-11-02 21:18:02,65.61,-37.64,32.0,80,0,2.24
25,Talnakh,RU,2020-11-02 21:18:02,69.49,88.4,15.8,92,100,2.24
26,Busselton,AU,2020-11-02 21:18:02,-33.65,115.33,55.99,85,74,10.54
27,Saint Anthony,US,2020-11-02 21:18:02,45.02,-93.22,59.0,47,1,10.29
28,Aswan,EG,2020-11-02 21:18:02,24.09,32.91,72.27,43,0,12.66
29,Le Port,RE,2020-11-02 21:18:03,-20.94,55.29,69.8,60,90,9.17
30,Bodmin,GB,2020-11-02 21:18:03,50.47,-4.72,50.0,66,0,10.29
31,Inhambane,MZ,2020-11-02 21:18:03,-23.86,35.38,71.78,78,2,6.87
32,Jamestown,US,2020-11-02 21:18:04,42.1,-79.24,37.0,69,90,17.22
33,Waynesville,US,2020-11-02 21:16:04,35.49,-82.99,46.0,18,0,1.01
34,Nianzishan,CN,2020-11-02 21:18:04,47.52,122.88,18.63,76,0,7.87
35,Saint-Georges,GD,2020-11-02 21:15:58,12.06,-61.75,81.63,78,65,15.03
36,Tuktoyaktuk,CA,2020-11-02 21:18:05,69.45,-133.04,6.8,84,90,14.99
37,Cockburn Town,TC,2020-11-02 21:18:06,21.46,-71.14,84.2,66,40,11.41
38,Shitanjing,CN,2020-11-02 21:18:06,39.23,106.34,33.57,69,0,4.52
39,Santiago Del Estero,AR,2020-11-02 21:13:19,-27.8,-64.26,88.2,21,0,9.78
40,Atuona,PF,2020-11-02 21:18:07,-9.8,-139.03,77.52,76,22,20.11
41,Fairbanks,US,2020-11-02 21:18:07,64.84,-147.72,-7.6,83,75,1.5
42,Kefalos,GR,2020-11-02 21:18:08,36.75,26.96,64.4,63,0,11.41
43,Roznov,RO,2020-11-02 21:18:08,46.83,26.52,46.0,83,100,4.0
44,Qaanaaq,GL,2020-11-02 21:18:08,77.48,-69.36,6.24,79,100,6.69
45,Kavieng,PG,2020-11-02 21:18:09,-2.57,150.8,83.57,72,12,4.36
46,Bambous Virieux,MU,2020-11-02 21:18:10,-20.34,57.76,69.8,77,75,11.41
47,Dalbandin,PK,2020-11-02 21:18:10,28.89,64.41,53.24,25,0,4.07
48,Barrow,US,2020-11-02 21:18:10,71.29,-156.79,28.4,79,90,10.29
49,Hithadhoo,MV,2020-11-02 21:18:11,-0.6,73.08,82.94,74,83,11.07
50,Tambo,PE,2020-11-02 21:18:12,-14.8,-73.92,46.9,49,33,12.59
51,New Norfolk,AU,2020-11-02 21:18:12,-42.78,147.06,66.0,37,99,1.01
52,Vershino-Shakhtaminskiy,RU,2020-11-02 21:18:13,51.3,117.89,2.88,88,0,4.05
53,Walvis Bay,NA,2020-11-02 21:18:13,-22.96,14.51,60.01,77,96,5.82
54,Castro,BR,2020-11-02 21:17:34,-24.79,-50.01,64.13,57,9,2.04
55,Bluff,NZ,2020-11-02 21:18:14,-46.6,168.33,53.01,78,38,4.0
56,Cape Town,ZA,2020-11-02 21:13:34,-33.93,18.42,68.0,82,0,8.05
57,Mhlume,SZ,2020-11-02 21:18:14,-26.03,31.85,69.8,83,52,3.36
58,Dikson,RU,2020-11-02 21:18:15,73.51,80.55,15.24,97,100,10.02
59,Beyneu,KZ,2020-11-02 21:18:15,45.32,55.2,52.32,41,16,16.11
60,Thompson,CA,2020-11-02 21:18:16,55.74,-97.86,23.0,79,90,6.93
61,Narsaq,GL,2020-11-02 21:18:16,60.92,-46.05,24.8,45,91,11.41
62,Tabuk,PH,2020-11-02 21:18:16,17.42,121.44,72.88,91,100,5.79
63,Provideniya,RU,2020-11-02 21:18:16,64.38,-173.3,30.2,68,75,11.18
64,Williston,US,2020-11-02 21:18:17,48.15,-103.62,68.0,35,0,1.01
65,Srednekolymsk,RU,2020-11-02 21:18:17,67.45,153.68,-10.5,86,0,9.1
66,Kasongo-Lunda,CD,2020-11-02 21:18:17,-6.47,16.82,71.22,92,99,1.19
67,Adrar,MR,2020-11-02 21:18:17,20.5,-10.07,83.73,15,100,10.2
68,Khatanga,RU,2020-11-02 21:18:18,71.97,102.5,11.7,96,100,8.34
69,Geraldton,AU,2020-11-02 21:18:18,-28.77,114.6,59.0,93,40,5.82
70,Vaini,TO,2020-11-02 21:18:18,-21.2,-175.2,77.0,88,75,11.41
71,Berkakit,RU,2020-11-02 21:18:18,56.58,124.77,-11.15,88,89,4.99
72,Yulara,AU,2020-11-02 21:18:19,-25.24,130.99,75.2,23,19,4.7
73,Sola,VU,2020-11-02 21:18:19,-13.88,167.55,78.37,81,100,4.36
74,Innisfail,AU,2020-11-02 21:13:40,-17.53,146.03,77.61,80,8,7.99
75,Luderitz,NA,2020-11-02 21:18:20,-26.65,15.16,61.65,85,98,7.58
76,Kazuno,JP,2020-11-02 21:18:20,40.18,140.79,43.74,84,59,1.32
77,Mangai,CD,2020-11-02 21:18:20,-4.05,19.53,71.46,98,100,1.03
78,Carnarvon,AU,2020-11-02 21:18:21,-24.87,113.63,66.2,72,18,12.75
79,Kruisfontein,ZA,2020-11-02 21:18:21,-34.0,24.73,64.0,87,0,1.99
80,Meadow Lake,US,2020-11-02 21:18:22,34.8,-106.54,69.01,25,40,5.5
81,Quatre Cocos,MU,2020-11-02 21:18:22,-20.21,57.76,69.8,77,75,11.41
82,Churapcha,RU,2020-11-02 21:18:22,62.0,132.43,-15.38,89,38,3.83
83,Tura,IN,2020-11-02 21:18:22,25.52,90.22,70.41,91,57,1.19
84,Tuatapere,NZ,2020-11-02 21:18:23,-46.13,167.68,53.01,78,65,4.0
85,Butaritari,KI,2020-11-02 21:18:23,3.07,172.79,81.0,75,63,16.89
86,Kaniama,CD,2020-11-02 21:18:24,-7.57,24.18,66.97,94,100,2.51
87,Husavik,IS,2020-11-02 21:18:24,66.04,-17.34,42.8,48,75,6.93
88,Viedma,AR,2020-11-02 21:18:25,-40.81,-63.0,88.0,22,0,21.85
89,Klaksvik,FO,2020-11-02 21:18:25,62.23,-6.59,44.6,75,0,18.34
90,Yellowknife,CA,2020-11-02 21:13:53,62.46,-114.35,9.0,84,90,12.75
91,Codrington,AU,2020-11-02 21:18:26,-38.27,141.97,62.64,68,94,13.82
92,Ponta Do Sol,PT,2020-11-02 21:18:26,32.67,-17.1,69.8,73,75,12.75
93,Mar Del Plata,AR,2020-11-02 21:16:24,-38.0,-57.56,66.2,52,40,11.41
94,Cidreira,BR,2020-11-02 21:18:26,-30.18,-50.21,64.69,59,0,8.05
95,Dingle,PH,2020-11-02 21:18:26,11.0,122.67,75.4,88,100,4.99
96,Saskylakh,RU,2020-11-02 21:18:27,71.92,114.08,5.14,93,98,7.02
97,Los Llanos De Aridane,ES,2020-11-02 21:18:27,28.66,-17.92,71.6,68,0,9.17
98,Norman Wells,CA,2020-11-02 21:18:28,65.28,-126.83,8.6,84,90,8.05
99,Tooele,US,2020-11-02 21:13:43,40.53,-112.3,64.99,44,1,4.7
100,Jardim,BR,2020-11-02 21:18:28,-21.48,-56.14,79.45,52,61,4.32
101,Fortuna,US,2020-11-02 21:18:28,40.6,-124.16,64.99,67,20,10.29
102,Okato,NZ,2020-11-02 21:18:29,-39.2,173.88,63.0,88,100,11.01
103,Pangnirtung,CA,2020-11-02 21:18:30,66.15,-65.71,15.8,52,20,8.23
104,Mamou,GN,2020-11-02 21:18:30,10.5,-12.0,72.09,68,22,1.83
105,Avarua,CK,2020-11-02 21:18:30,-21.21,-159.78,71.6,88,100,5.82
106,Lebu,CL,2020-11-02 21:18:30,-37.62,-73.65,54.19,84,66,11.43
107,Jumla,NP,2020-11-02 21:18:30,29.27,82.18,44.04,60,0,6.78
108,Auki,SB,2020-11-02 21:18:31,-8.77,160.7,80.55,81,100,3.98
109,Chuy,UY,2020-11-02 21:18:31,-33.7,-53.46,62.74,71,32,8.79
110,Maceio,BR,2020-11-02 21:13:35,-9.67,-35.74,78.8,78,75,18.34
111,Breves,BR,2020-11-02 21:18:31,-1.68,-50.48,89.26,49,28,0.96
112,Pevek,RU,2020-11-02 21:18:32,69.7,170.31,13.6,88,81,18.07
113,Manthani,IN,2020-11-02 21:18:32,18.65,79.67,70.32,69,0,5.82
114,Manica,FR,2020-11-02 21:18:32,49.0,-1.17,46.4,87,0,8.05
115,Anjozorobe,MG,2020-11-02 21:18:32,-18.4,47.87,59.0,87,75,6.93
116,Talara,PE,2020-11-02 21:18:33,-4.58,-81.27,66.18,76,23,15.17
117,Victoria,HK,2020-11-02 21:13:54,22.29,114.16,72.0,69,52,3.0
118,Nikolskoye,RU,2020-11-02 21:18:33,59.7,30.79,42.8,87,90,13.42
119,Atar,MR,2020-11-02 21:18:34,20.52,-13.05,84.15,16,100,10.09
120,Kudahuvadhoo,MV,2020-11-02 21:18:34,2.67,72.89,82.08,74,82,9.04
121,Saint George,US,2020-11-02 21:18:34,37.1,-113.58,69.8,19,1,3.36
122,Monforte De Lemos,ES,2020-11-02 21:18:34,42.52,-7.51,46.0,96,100,2.59
123,Radlje Ob Dravi,SI,2020-11-02 21:18:35,46.61,15.23,55.99,53,86,3.18
124,Clyde River,CA,2020-11-02 21:18:35,70.47,-68.59,12.2,85,20,19.46
125,Vila Velha,BR,2020-11-02 21:16:10,-20.33,-40.29,73.4,53,40,18.34
126,Hilo,US,2020-11-02 21:17:57,19.73,-155.09,82.4,65,90,4.7
127,Ribeira Grande,PT,2020-11-02 21:18:36,38.52,-28.7,60.8,59,75,8.05
128,Jutai,BR,2020-11-02 21:18:36,-5.18,-68.9,86.88,64,90,2.17
129,Kodinsk,RU,2020-11-02 21:18:37,58.69,99.18,24.3,96,43,7.31
130,Asosa,ET,2020-11-02 21:18:38,10.07,34.53,63.63,89,26,4.52
131,Abha,SA,2020-11-02 21:18:05,18.22,42.51,59.0,54,0,1.3
132,Longyearbyen,SJ,2020-11-02 21:15:44,78.22,15.64,37.4,69,75,43.62
133,Vardo,NO,2020-11-02 21:18:38,70.37,31.11,37.4,93,75,27.51
134,Leek,NL,2020-11-02 21:18:39,53.16,6.38,53.01,76,20,12.75
135,Salalah,OM,2020-11-02 21:18:39,17.02,54.09,77.0,57,0,5.82
136,Shahrud,IR,2020-11-02 21:18:40,36.42,54.98,55.98,38,99,1.32
137,Hobart,AU,2020-11-02 21:18:33,-42.88,147.33,66.0,63,75,11.41
138,Wewak,PG,2020-11-02 21:18:41,-3.55,143.63,79.18,80,100,4.83
139,Mahina,PF,2020-11-02 21:18:41,-17.51,-149.49,84.2,66,75,5.82
140,Buraydah,SA,2020-11-02 21:18:41,26.33,43.98,68.0,34,0,2.24
141,Port-Gentil,GA,2020-11-02 21:18:41,-0.72,8.78,78.8,88,20,6.93
142,Nuqui,CO,2020-11-02 21:18:41,5.71,-77.27,79.77,81,51,10.85
143,Sao Desiderio,BR,2020-11-02 21:17:04,-12.36,-44.97,72.97,85,82,6.24
144,Ixtapa,MX,2020-11-02 21:17:45,20.7,-105.2,87.8,66,5,11.41
145,San Policarpo,PH,2020-11-02 21:18:42,12.18,125.51,77.81,85,100,6.2
146,De Aar,ZA,2020-11-02 21:18:43,-30.65,24.01,72.55,24,0,7.4
147,Alofi,NU,2020-11-02 21:18:43,-19.06,-169.92,77.0,88,75,19.46
148,Kieta,PG,2020-11-02 21:18:43,-6.22,155.63,82.85,71,15,1.77
149,Cap Malheureux,MU,2020-11-02 21:18:43,-19.98,57.61,68.0,69,38,1.99
150,Pontes E Lacerda,BR,2020-11-02 21:14:58,-15.23,-59.34,88.75,38,61,3.13
151,Ponta Delgada,PT,2020-11-02 21:18:44,37.73,-25.67,62.6,67,75,9.17
152,Faanui,PF,2020-11-02 21:18:44,-16.48,-151.75,79.56,79,3,15.52
153,Yar-Sale,RU,2020-11-02 21:18:44,66.83,70.83,17.06,94,27,8.84
154,Gijon,ES,2020-11-02 21:15:45,43.54,-5.66,57.0,87,100,3.33
155,Bengkulu,ID,2020-11-02 21:18:44,-3.8,102.27,74.89,89,100,5.46
156,Half Moon Bay,US,2020-11-02 21:14:45,37.46,-122.43,81.0,68,1,4.7
157,Lompoc,US,2020-11-02 21:17:37,34.64,-120.46,73.4,68,1,14.99
158,Saint-Denis,FR,2020-11-02 21:15:52,48.92,2.33,53.6,71,0,8.05
159,Sibu,MY,2020-11-02 21:18:45,2.3,111.82,75.2,94,40,3.36
160,Pisco,PE,2020-11-02 21:14:24,-13.7,-76.22,66.2,77,90,10.29
161,Sakhon Nakhon,TH,2020-11-02 21:18:45,17.16,104.15,69.39,86,53,6.11
162,Souillac,MU,2020-11-02 21:18:46,-20.52,57.52,69.8,77,75,11.41
163,San Carlos De Bariloche,AR,2020-11-02 21:18:46,-41.15,-71.31,68.0,32,75,16.11
164,Port Hardy,CA,2020-11-02 21:15:02,50.7,-127.42,50.0,93,90,20.8
165,Knysna,ZA,2020-11-02 21:18:46,-34.04,23.05,60.8,100,90,8.05
166,Port Augusta,AU,2020-11-02 21:18:47,-32.5,137.77,60.8,59,1,6.93
167,Ordynskoye,RU,2020-11-02 21:18:47,54.37,81.9,30.24,96,100,4.97
168,Buala,SB,2020-11-02 21:18:47,-8.14,159.59,81.14,82,100,8.99
169,Antibes,FR,2020-11-02 21:18:47,43.56,7.13,62.6,82,75,4.7
170,Moerai,PF,2020-11-02 21:18:47,-22.43,-151.33,76.73,83,45,15.95
171,Aklavik,CA,2020-11-02 21:18:48,68.22,-135.01,1.4,70,100,4.7
172,Saint-Philippe,RE,2020-11-02 21:18:48,-21.36,55.77,71.6,56,90,4.7
173,Ostrovnoy,RU,2020-11-02 21:18:48,68.05,39.51,35.04,85,96,31.23
174,Poum,NC,2020-11-02 21:18:49,-20.23,164.02,77.43,77,100,5.46
175,Takoradi,GH,2020-11-02 21:18:49,4.88,-1.76,79.03,85,100,5.46
176,Amahai,ID,2020-11-02 21:18:49,-3.33,128.92,81.0,94,100,5.99
177,Shaunavon,CA,2020-11-02 21:14:59,49.65,-108.42,60.8,29,0,17.22
178,Honningsvag,NO,2020-11-02 21:18:50,70.98,25.97,41.0,80,75,19.46
179,Ilulissat,GL,2020-11-02 21:18:50,69.22,-51.1,21.2,67,49,13.87
180,Batemans Bay,AU,2020-11-02 21:18:50,-35.72,150.18,64.0,88,14,1.01
181,Yongan,CN,2020-11-02 21:18:50,39.7,113.69,26.94,79,0,4.05
182,East London,ZA,2020-11-02 21:18:51,-33.02,27.91,67.35,83,76,15.46
183,Birjand,IR,2020-11-02 21:18:51,32.87,59.22,41.0,15,0,4.7
184,Hambantota,LK,2020-11-02 21:18:51,6.12,81.12,78.62,82,82,7.76
185,Cherskiy,RU,2020-11-02 21:18:51,68.75,161.3,-4.58,90,99,11.01
186,Qaqortoq,GL,2020-11-02 21:18:51,60.72,-46.03,24.8,45,89,11.41
187,Tucuman,AR,2020-11-02 21:18:52,-26.82,-65.22,89.6,21,20,5.82
188,College,US,2020-11-02 21:18:52,64.86,-147.8,-7.6,76,90,3.36
189,Parana,AR,2020-11-02 21:18:52,-31.73,-60.52,82.99,27,2,1.99
190,Port Hedland,AU,2020-11-02 21:18:52,-20.32,118.57,69.8,88,0,5.82
191,Jesup,US,2020-11-02 21:18:52,31.61,-81.89,64.4,23,1,5.82
192,Labuhan,ID,2020-11-02 21:18:53,-6.88,112.21,78.64,82,100,8.81
193,Grand Gaube,MU,2020-11-02 21:18:53,-20.01,57.66,68.0,69,39,1.99
194,Funtua,NG,2020-11-02 21:18:53,11.52,7.31,72.52,36,18,5.23
195,Upernavik,GL,2020-11-02 21:18:53,72.79,-56.15,17.02,92,97,7.94
196,Grand Forks,US,2020-11-02 21:15:27,47.94,-97.43,64.4,34,20,13.87
197,Cervo,ES,2020-11-02 21:18:54,43.67,-7.41,44.01,96,89,7.2
198,Leningradskiy,RU,2020-11-02 21:18:54,69.38,178.42,17.56,88,100,5.46
199,Luan,CH,2020-11-02 21:18:54,46.36,6.98,59.0,85,82,1.01
200,Khailar,IN,2020-11-02 21:18:54,25.35,78.53,65.5,26,0,5.14
201,Mahebourg,MU,2020-11-02 21:18:55,-20.41,57.7,69.8,77,75,11.41
202,Sao Filipe,CV,2020-11-02 21:18:55,14.9,-24.5,80.91,65,33,3.83
203,Okakarara,NA,2020-11-02 21:18:55,-20.58,17.43,78.67,17,0,13.51
204,Omboue,GA,2020-11-02 21:18:55,-1.57,9.26,73.92,92,88,2.82
205,Beloha,MG,2020-11-02 21:18:56,-25.17,45.05,68.9,81,1,12.8
206,Mawlaik,MM,2020-11-02 21:18:56,23.63,94.42,72.36,95,77,1.66
207,Bilibino,RU,2020-11-02 21:18:56,68.05,166.44,-5.46,89,92,3.2
208,Maryville,US,2020-11-02 21:17:58,35.76,-83.97,52.0,29,1,4.7
209,Msanga,TZ,2020-11-02 21:18:57,-6.05,36.03,73.4,49,0,11.41
210,Kanniyakumari,IN,2020-11-02 21:18:57,8.08,77.57,80.1,79,2,9.82
211,Santa Isabel Do Rio Negro,BR,2020-11-02 21:18:57,-0.41,-65.02,89.73,56,73,1.97
212,Guerrero Negro,MX,2020-11-02 21:16:59,27.98,-114.06,78.51,50,0,14.41
213,Itaquyry,PY,2020-11-02 21:18:57,-24.93,-55.22,77.76,47,96,0.22
214,Broken Hill,AU,2020-11-02 21:18:58,-31.95,141.43,64.4,45,0,10.29
215,Chokurdakh,RU,2020-11-02 21:18:58,70.63,147.92,-9.76,90,99,10.56
216,Cairns,AU,2020-11-02 21:14:35,-16.92,145.77,78.01,78,40,13.87
217,Harsin,IR,2020-11-02 21:18:58,34.27,47.59,57.2,11,0,1.39
218,Kirkwall,GB,2020-11-02 21:18:59,58.98,-2.96,42.8,81,64,11.41
219,Jibuti,DJ,2020-11-02 21:18:59,11.5,42.5,80.6,61,20,3.36
220,Zhigalovo,RU,2020-11-02 21:18:59,54.81,105.16,21.61,89,100,2.53
221,Fort Pierce,US,2020-11-02 21:15:49,27.45,-80.33,73.99,56,90,12.75
222,Roma,US,2020-11-02 21:17:52,43.21,-75.46,33.8,80,90,16.11
223,Hobyo,SO,2020-11-02 21:19:00,5.35,48.53,80.8,80,64,12.26
224,Reconquista,AR,2020-11-02 21:19:00,-29.15,-59.65,77.02,44,0,8.23
225,Novoagansk,RU,2020-11-02 21:19:00,61.94,76.66,17.02,97,75,5.5
226,San Juan,AR,2020-11-02 21:19:00,-31.54,-68.54,92.07,11,0,8.79
227,Emba,KZ,2020-11-02 21:19:01,48.83,58.14,45.5,53,90,8.08
228,Balabac,PH,2020-11-02 21:19:01,7.99,117.06,81.93,79,100,10.25
229,Georgetown,MY,2020-11-02 21:18:08,5.41,100.34,77.0,94,20,3.36
230,Sorong,ID,2020-11-02 21:15:17,-0.88,131.25,77.38,85,100,1.68
231,Manono,CD,2020-11-02 21:19:02,-7.3,27.42,71.92,90,100,1.72
232,Cape Girardeau,US,2020-11-02 21:19:02,37.38,-89.72,55.4,26,1,10.29
233,Arica,CL,2020-11-02 21:19:02,-18.48,-70.3,66.2,63,0,13.87
234,Cefalu,IT,2020-11-02 21:19:02,38.04,14.02,63.0,78,9,3.44
235,Bubaque,GW,2020-11-02 21:19:03,11.28,-15.83,84.38,73,0,10.36
236,Port Moresby,PG,2020-11-02 21:19:03,-9.44,147.18,78.8,88,75,11.41
237,Vestmannaeyjar,IS,2020-11-02 21:19:03,63.44,-20.27,44.04,72,98,32.66
238,Rairangpur,IN,2020-11-02 21:19:03,22.27,86.18,68.58,71,0,2.55
239,Road Town,VG,2020-11-02 21:19:04,18.42,-64.62,84.2,79,40,11.41
240,Bethel,US,2020-11-02 21:19:04,41.37,-73.41,39.2,38,1,17.22
241,Lorengau,PG,2020-11-02 21:19:04,-2.02,147.27,82.29,74,2,2.71
242,Venado Tuerto,AR,2020-11-02 21:19:04,-33.75,-61.97,79.0,37,11,5.01
243,Goderich,CA,2020-11-02 21:15:03,43.75,-81.72,42.8,48,100,24.16
244,Miami Beach,US,2020-11-02 21:16:44,25.79,-80.13,78.01,61,90,20.8
245,North Bend,US,2020-11-02 21:19:05,43.41,-124.22,64.0,87,1,9.17
246,Binzhou,CN,2020-11-02 21:19:05,37.37,118.02,37.24,67,0,1.95
247,Deputatskiy,RU,2020-11-02 21:19:05,69.3,139.9,-14.01,83,8,3.2
248,Rawson,AR,2020-11-02 21:19:05,-43.3,-65.1,76.68,26,100,7.78
249,Nanortalik,GL,2020-11-02 21:19:06,60.14,-45.24,30.67,86,85,8.14
250,Port Lincoln,AU,2020-11-02 21:19:06,-34.73,135.87,73.72,29,85,19.28
251,Caravelas,BR,2020-11-02 21:19:06,-17.71,-39.25,71.89,76,79,10.87
252,Ovalle,CL,2020-11-02 21:19:06,-30.6,-71.2,76.68,31,0,7.85
253,Severo-Kurilsk,RU,2020-11-02 21:19:06,50.68,156.12,43.59,83,100,24.83
254,Oksfjord,NO,2020-11-02 21:19:06,70.24,22.35,44.6,65,75,21.92
255,Balkanabat,TM,2020-11-02 21:19:07,39.51,54.37,67.41,25,32,3.38
256,Inuvik,CA,2020-11-02 21:19:07,68.35,-133.72,1.4,70,79,4.7
257,Kupang,ID,2020-11-02 21:14:35,-10.17,123.58,78.93,75,100,5.48
258,Barinas,VE,2020-11-02 21:19:07,8.62,-70.21,82.11,77,23,6.46
259,Pitea,SE,2020-11-02 21:19:07,65.32,21.48,48.2,87,0,8.05
260,Kapit,MY,2020-11-02 21:19:08,2.02,112.93,73.33,95,100,2.59
261,Havoysund,NO,2020-11-02 21:19:08,71.0,24.66,41.0,86,40,42.5
262,Kemijarvi,FI,2020-11-02 21:19:08,66.71,27.43,46.18,85,100,20.02
263,Kindia,GN,2020-11-02 21:19:08,10.06,-12.87,74.21,78,13,2.13
264,Nara,JP,2020-11-02 21:19:09,34.69,135.8,57.99,76,75,3.36
265,Sitka,US,2020-11-02 21:19:09,57.05,-135.33,42.8,75,90,3.36
266,Simiti,CO,2020-11-02 21:19:09,7.96,-73.94,87.37,68,67,2.42
267,Flinders,AU,2020-11-02 21:19:09,-34.58,150.86,62.01,94,9,1.01
268,Chervona Sloboda,UA,2020-11-02 21:19:10,49.38,32.15,45.82,86,95,8.08
269,Samarai,PG,2020-11-02 21:19:10,-10.62,150.67,82.08,81,65,6.8
270,Plettenberg Bay,ZA,2020-11-02 21:19:10,-34.05,23.37,64.33,87,0,5.91
271,Mandalgovi,MN,2020-11-02 21:19:10,45.76,106.27,23.5,78,0,7.05
272,Nemuro,JP,2020-11-02 21:19:10,43.32,145.57,50.47,87,100,18.12
273,Hami,CN,2020-11-02 21:19:11,42.8,93.45,37.18,73,0,3.31
274,Siljan,NO,2020-11-02 21:19:11,59.29,9.71,45.0,1,1,1.99
275,Ambon,ID,2020-11-02 21:19:11,-3.7,128.18,81.0,94,100,5.99
276,Yining,CN,2020-11-02 21:19:11,29.04,114.56,52.68,73,2,2.46
277,Waddan,LY,2020-11-02 21:19:12,29.16,16.14,62.24,62,1,6.51
278,Waingapu,ID,2020-11-02 21:19:12,-9.66,120.26,79.88,74,71,5.93
279,Lubao,PH,2020-11-02 21:19:12,14.92,120.55,77.0,94,75,2.24
280,Kalaleh,IR,2020-11-02 21:19:12,37.38,55.49,71.04,26,100,1.95
281,Esperance,AU,2020-11-02 21:19:12,-33.87,121.9,57.2,100,90,11.41
282,Sao Miguel Do Araguaia,BR,2020-11-02 21:19:13,-13.28,-50.16,74.59,82,89,5.39
283,Romitan,UZ,2020-11-02 21:19:13,39.93,64.38,44.6,45,0,6.93
284,Camopi,GF,2020-11-02 21:19:13,3.17,-52.32,76.23,91,99,5.64
285,Kadipur,IN,2020-11-02 21:19:09,26.17,82.38,67.71,29,0,6.22
286,Wollongong,AU,2020-11-02 21:19:14,-34.43,150.88,62.01,94,25,1.01
287,Kirakira,SB,2020-11-02 21:19:14,-10.45,161.92,76.64,92,100,6.53
288,Katsuura,JP,2020-11-02 21:19:14,35.13,140.3,60.8,93,75,1.12
289,Loa Janan,ID,2020-11-02 21:19:14,-0.58,117.09,72.88,97,87,2.1
290,Dustlik,UZ,2020-11-02 21:19:14,40.52,68.04,47.01,44,0,2.46
291,Chernyy Yar,RU,2020-11-02 21:19:15,48.06,46.11,49.62,50,86,6.08
292,Tazovskiy,RU,2020-11-02 21:19:15,67.47,78.7,18.86,98,99,11.81
293,Matagami,CA,2020-11-02 21:17:32,49.75,-77.63,21.2,92,90,5.82
294,Havelock,US,2020-11-02 21:14:30,34.88,-76.9,53.6,30,1,13.87
295,Bathsheba,BB,2020-11-02 21:19:15,13.22,-59.52,84.2,66,20,17.22
296,Zwijndrecht,NL,2020-11-02 21:19:16,51.82,4.63,54.0,81,0,8.01
297,Malanje,AO,2020-11-02 21:19:16,-9.54,16.34,66.38,93,33,3.36
298,Atherton,GB,2020-11-02 21:19:16,53.52,-2.49,48.0,71,100,8.01
299,Dali,CN,2020-11-02 21:19:16,25.7,100.18,58.15,88,86,1.81
300,Hamilton,US,2020-11-02 21:19:16,39.18,-84.53,50.0,27,1,10.29
301,Tigil,RU,2020-11-02 21:19:17,57.8,158.67,30.79,91,100,6.78
302,Mamit,IN,2020-11-02 21:19:10,23.93,92.48,67.84,100,90,1.81
303,Arman,RU,2020-11-02 21:19:17,59.7,150.17,32.22,96,100,17.2
304,Matara,LK,2020-11-02 21:19:17,5.95,80.54,76.75,86,74,7.18
305,Takhtamygda,RU,2020-11-02 21:19:19,54.1,123.57,4.46,86,0,7.16
306,Ilhabela,BR,2020-11-02 21:19:19,-23.78,-45.36,66.99,62,78,4.25
307,Dodge City,US,2020-11-02 21:19:19,37.75,-100.02,75.0,28,1,4.7
308,Wyndham,US,2020-11-02 21:19:19,37.7,-77.61,52.0,25,1,11.41
309,Mount Gambier,AU,2020-11-02 21:19:20,-37.83,140.77,64.4,55,97,10.29
310,Chiang Klang,TH,2020-11-02 21:19:20,19.29,100.86,73.18,87,82,0.63
311,San Rafael,AR,2020-11-02 21:19:20,-34.62,-68.33,87.91,13,19,18.68
312,Bay Roberts,CA,2020-11-02 21:19:20,47.6,-53.26,57.99,96,100,28.01
313,Asfi,MA,2020-11-02 21:19:20,32.3,-9.24,67.32,81,0,11.97
314,Itarema,BR,2020-11-02 21:19:21,-2.92,-39.92,80.55,77,0,13.51
315,Harper,LR,2020-11-02 21:19:21,4.38,-7.72,78.22,86,84,3.89
316,Pervomayskiy,RU,2020-11-02 21:19:21,53.25,40.29,39.99,88,95,10.47
317,Snasa,NO,2020-11-02 21:19:21,64.25,12.38,48.2,87,75,13.87
318,Basco,PH,2020-11-02 21:19:22,20.45,121.97,79.2,76,100,29.91
319,Monterey,US,2020-11-02 21:19:22,36.25,-121.25,88.0,14,0,3.0
320,Tarata,BO,2020-11-02 21:19:22,-17.62,-66.02,80.6,21,40,13.87
321,Sambava,MG,2020-11-02 21:19:22,-14.27,50.17,69.76,82,14,10.78
322,Lisakovsk,KZ,2020-11-02 21:19:23,52.54,62.49,32.81,92,0,4.07
323,Kabanjahe,ID,2020-11-02 21:19:23,3.1,98.49,64.27,97,100,3.11
324,Arraial Do Cabo,BR,2020-11-02 21:15:57,-22.97,-42.03,71.6,56,20,9.17
325,Otane,NZ,2020-11-02 21:19:23,-39.88,176.63,55.99,95,100,5.01
326,Tubmanburg,LR,2020-11-02 21:19:23,6.87,-10.82,74.77,94,77,2.71
327,Khromtau,KZ,2020-11-02 21:19:24,50.25,58.43,37.87,75,25,4.97
328,Palu,ID,2020-11-02 21:19:24,-0.89,119.87,75.76,79,100,2.57
329,Gubkinskiy,RU,2020-11-02 21:19:24,64.43,76.5,16.03,96,89,11.41
330,Sao Raimundo Das Mangabeiras,BR,2020-11-02 21:19:24,-7.02,-45.48,77.61,83,88,4.07
331,Johannesburg,ZA,2020-11-02 21:15:01,-26.2,28.04,62.01,73,41,2.66
332,Bolgatanga,GH,2020-11-02 21:19:25,10.79,-0.85,82.71,24,89,0.49
333,Constitucion,CL,2020-11-02 21:19:25,-35.33,-72.42,59.4,75,56,11.07
334,Nalut,LY,2020-11-02 21:19:25,30.33,10.85,62.26,42,0,10.67
335,Payson,US,2020-11-02 21:18:58,40.04,-111.73,72.0,43,20,6.93
336,Melfi,IT,2020-11-02 21:19:26,41.0,15.65,51.01,100,5,5.82
337,Meulaboh,ID,2020-11-02 21:19:26,4.14,96.13,77.13,83,100,5.1
338,Finschhafen,PG,2020-11-02 21:19:26,-6.6,147.87,80.71,77,79,4.23
339,Vila,PT,2020-11-02 21:19:26,42.03,-8.16,51.01,94,100,5.01
340,Srivardhan,IN,2020-11-02 21:19:26,18.03,73.02,78.04,71,6,4.79
341,Rio Cuarto,AR,2020-11-02 21:19:27,-33.13,-64.35,82.4,23,20,25.28
342,Artvin,TR,2020-11-02 21:19:27,41.17,41.83,57.2,93,90,4.7
343,Beringovskiy,RU,2020-11-02 21:19:27,63.05,179.32,25.48,93,56,4.65
344,Sarkand,KZ,2020-11-02 21:19:27,45.41,79.92,43.29,53,100,3.98
345,Tripoli,LY,2020-11-02 21:19:27,32.88,13.19,70.14,60,0,6.76
346,Ulladulla,AU,2020-11-02 21:19:27,-35.35,150.47,59.0,100,0,8.05
347,Bukama,CD,2020-11-02 21:19:28,-9.2,25.85,71.6,82,100,2.98
348,Tabas,IR,2020-11-02 21:19:28,33.6,56.92,60.8,21,0,4.7
349,Wladyslawowo,PL,2020-11-02 21:19:28,54.79,18.4,61.0,93,75,9.17
350,Lake Havasu City,US,2020-11-02 21:17:05,34.48,-114.32,90.0,9,1,5.82
351,Korla,CN,2020-11-02 21:19:28,41.76,86.15,36.57,72,0,1.45
352,Tucuma,BR,2020-11-02 21:19:29,-0.18,-50.05,84.56,65,85,9.06
353,Suntar,RU,2020-11-02 21:19:29,62.14,117.63,7.09,85,100,8.72
354,Ust-Kut,RU,2020-11-02 21:19:29,56.79,105.77,24.37,94,100,5.5
355,San Quintin,MX,2020-11-02 21:19:29,30.48,-115.95,74.48,55,0,11.74
356,Astana,KZ,2020-11-02 21:19:29,51.18,71.45,30.2,86,90,6.71
357,Olga,RU,2020-11-02 21:19:30,43.74,135.29,31.6,85,46,10.02
358,Marienburg,PL,2020-11-02 21:19:30,54.04,19.03,57.99,100,100,10.38
359,Nyurba,RU,2020-11-02 21:19:30,63.28,118.33,8.13,85,100,8.28
360,Knyaze-Volkonskoye,RU,2020-11-02 21:19:30,48.46,135.46,26.6,86,0,11.18
361,Pacific Grove,US,2020-11-02 21:19:30,36.62,-121.92,79.0,72,1,8.05
362,Awallan,PH,2020-11-02 21:19:31,17.92,121.91,74.1,90,100,3.4
363,Pandan,PH,2020-11-02 21:19:31,14.05,124.17,79.2,83,100,4.9
364,Kununurra,AU,2020-11-02 21:19:31,-15.77,128.73,75.2,83,48,7.87
365,Shimoda,JP,2020-11-02 21:19:31,34.67,138.95,55.0,95,100,5.12
366,Lasa,IT,2020-11-02 21:19:31,46.62,10.7,42.8,93,5,1.12
367,Manokwari,ID,2020-11-02 21:19:32,-0.87,134.08,79.79,73,100,4.79
368,Mehamn,NO,2020-11-02 21:19:32,71.04,27.85,37.4,86,0,26.4
369,Abnub,EG,2020-11-02 21:19:32,27.27,31.15,75.2,53,0,10.29
370,Baiao,BR,2020-11-02 21:19:32,-2.79,-49.67,87.98,51,100,3.58
371,Uspenka,UA,2020-11-02 21:19:32,48.39,39.16,49.39,85,86,8.79
372,Nakusp,CA,2020-11-02 21:19:32,50.25,-117.8,37.4,86,0,1.12
373,De-Kastri,RU,2020-11-02 21:19:33,51.47,140.78,31.77,89,42,6.11
374,Itoman,JP,2020-11-02 21:19:33,26.12,127.67,77.0,78,75,26.4
375,Ende,ID,2020-11-02 21:19:33,-8.84,121.66,77.59,78,100,1.52
376,Elko,US,2020-11-02 21:19:33,41.0,-115.5,73.0,10,0,1.99
377,Ivanivka,UA,2020-11-02 21:19:33,46.72,34.55,48.38,86,97,5.44
378,Paamiut,GL,2020-11-02 21:19:34,61.99,-49.67,30.96,84,99,18.3
379,Isangel,VU,2020-11-02 21:19:34,-19.55,169.27,76.73,84,96,20.51
380,Burnie,AU,2020-11-02 21:19:24,-41.07,145.92,59.0,78,92,1.01
381,Ancud,CL,2020-11-02 21:19:34,-41.87,-73.82,60.01,71,75,3.36
382,La Sarre,CA,2020-11-02 21:15:04,48.8,-79.2,26.19,98,100,5.46
383,Gornyak,RU,2020-11-02 21:19:35,50.99,81.47,33.67,97,100,4.97
384,Hasaki,JP,2020-11-02 21:19:35,35.73,140.83,57.2,100,75,3.36
385,Trinidad,BO,2020-11-02 21:19:35,-14.83,-64.9,95.0,36,30,3.36
386,Touros,BR,2020-11-02 21:19:35,-5.2,-35.46,82.4,69,20,16.11
387,Kautokeino,NO,2020-11-02 21:19:35,69.01,23.04,41.68,93,100,20.31
388,Petropavlovsk-Kamchatskiy,RU,2020-11-02 21:19:36,53.05,158.65,39.2,93,75,11.18
389,Khandyga,RU,2020-11-02 21:19:36,62.67,135.6,-12.71,87,0,2.75
390,Dhidhdhoo,MV,2020-11-02 21:19:36,6.88,73.1,82.54,70,5,6.46
391,Eureka,US,2020-11-02 21:19:36,40.8,-124.16,64.99,87,90,12.75
392,Berlevag,NO,2020-11-02 21:19:36,70.86,29.09,41.0,80,75,27.51
393,Channahon,US,2020-11-02 21:14:59,41.43,-88.23,52.0,29,1,10.29
394,Aberdeen,GB,2020-11-02 21:16:51,57.14,-2.1,45.0,81,96,4.7
395,Krasnyy Tkach,RU,2020-11-02 21:19:37,55.47,39.08,42.8,100,90,6.71
396,Leh,IN,2020-11-02 21:19:37,34.17,77.58,29.61,68,0,2.35
397,Dolores,AR,2020-11-02 21:19:37,-36.31,-57.68,65.55,63,1,10.25
398,Zhangye,CN,2020-11-02 21:19:37,38.93,100.45,37.9,62,63,3.42
399,Dubbo,AU,2020-11-02 21:19:37,-32.25,148.62,57.2,82,0,11.41
400,Asau,RO,2020-11-02 21:19:38,46.43,26.4,46.0,86,100,4.52
401,Kahului,US,2020-11-02 21:15:25,20.89,-156.47,84.2,66,40,14.99
402,Marsh Harbour,BS,2020-11-02 21:18:39,26.54,-77.06,74.17,80,98,33.49
403,Lakes Entrance,AU,2020-11-02 21:19:38,-37.88,147.98,62.01,82,20,4.12
404,Capitao Poco,BR,2020-11-02 21:19:38,-1.75,-47.06,81.68,72,83,3.96
405,Erdenet,MN,2020-11-02 21:19:39,49.03,104.08,23.18,85,75,3.02
406,Port Blair,IN,2020-11-02 21:16:09,11.67,92.75,80.04,81,100,5.1
407,Ankang,CN,2020-11-02 21:19:39,32.68,109.02,52.52,53,93,0.92
408,Floriano,BR,2020-11-02 21:18:04,-6.77,-43.02,78.44,83,100,8.81
409,Baykit,RU,2020-11-02 21:19:39,61.67,96.37,21.56,94,93,7.34
410,Juliaca,PE,2020-11-02 21:19:40,-15.5,-70.13,62.35,30,75,11.92
411,Kattivakkam,IN,2020-11-02 21:19:40,13.22,80.32,82.4,94,20,2.24
412,Aripuana,BR,2020-11-02 21:19:40,-9.17,-60.63,86.45,60,97,2.66
413,Mazagao,BR,2020-11-02 21:19:40,-0.12,-51.29,93.2,49,20,11.41
414,Lake City,US,2020-11-02 21:19:41,30.19,-82.64,64.99,29,1,8.05
415,Yeppoon,AU,2020-11-02 21:19:41,-23.13,150.73,71.6,73,80,6.93
416,Hollola,FI,2020-11-02 21:19:41,61.05,25.43,44.01,99,100,7.0
417,Vila Franca Do Campo,PT,2020-11-02 21:19:41,37.72,-25.43,62.6,67,75,9.17
418,Liling,CN,2020-11-02 21:19:41,27.67,113.5,60.8,77,81,4.47
419,Giyani,ZA,2020-11-02 21:19:42,-23.3,30.72,72.84,60,0,3.15
420,Katangli,RU,2020-11-02 21:19:42,51.71,143.23,32.54,93,87,6.6
421,Broome,US,2020-11-02 21:19:43,42.25,-75.83,37.0,87,90,18.34
422,Chihuahua,MX,2020-11-02 21:19:43,28.5,-106.0,75.0,26,75,6.93
423,San Patricio,US,2020-11-02 21:19:43,28.02,-97.52,78.01,47,20,11.41
424,Bandarbeyla,SO,2020-11-02 21:19:43,9.49,50.81,77.9,80,38,20.51
425,Tomatlan,MX,2020-11-02 21:19:43,19.93,-105.25,92.01,36,0,7.14
426,Cabatuan,PH,2020-11-02 21:19:44,10.88,122.49,75.9,85,100,4.54
427,Okha,RU,2020-11-02 21:19:44,53.57,142.95,32.34,93,22,10.89
428,Syamzha,RU,2020-11-02 21:19:44,60.02,41.06,33.46,94,100,7.67
429,Ballangen,NO,2020-11-02 21:19:44,68.34,16.83,46.99,93,100,17.22
430,Nouadhibou,MR,2020-11-02 21:19:45,20.93,-17.03,77.0,44,4,14.99
431,San Luis,AR,2020-11-02 21:19:45,-33.3,-66.34,85.32,15,0,7.47
432,Arlit,NE,2020-11-02 21:19:45,18.74,7.39,78.03,18,0,11.27
433,Mayumba,GA,2020-11-02 21:19:45,-3.43,10.66,76.64,90,47,2.15
434,Mahenge,TZ,2020-11-02 21:19:45,-8.68,36.72,65.68,81,2,4.36
435,Mahibadhoo,MV,2020-11-02 21:19:46,3.78,72.97,82.36,73,75,7.47
436,Beihai,CN,2020-11-02 21:19:46,21.48,109.1,64.8,69,51,21.16
437,Namibe,AO,2020-11-02 21:19:46,-15.2,12.15,68.2,78,20,2.53
438,Qui Nhon,VN,2020-11-02 21:19:46,13.77,109.23,73.58,85,100,11.56
439,Kambove,CD,2020-11-02 21:19:47,-10.88,26.6,70.56,59,72,2.91
440,Vitim,RU,2020-11-02 21:19:47,59.45,112.56,11.07,88,100,5.57
441,Acajutla,SV,2020-11-02 21:16:15,13.59,-89.83,84.2,45,20,9.17
442,Sinnamary,GF,2020-11-02 21:19:47,5.38,-52.95,78.33,86,100,14.14
443,Embu,BR,2020-11-02 21:18:15,-23.65,-46.85,62.6,55,20,17.22
444,Fez,MA,2020-11-02 21:15:01,34.04,-5.0,64.4,39,0,9.17
445,Olafsvik,IS,2020-11-02 21:19:48,64.89,-23.71,39.87,78,94,19.33
446,Gat,IL,2020-11-02 21:17:04,31.61,34.76,70.0,73,8,1.79
447,Belmonte,BR,2020-11-02 21:17:57,-15.86,-38.88,69.8,88,90,5.82
448,Lagoa,PT,2020-11-02 21:19:49,39.05,-27.98,62.58,63,100,13.2
449,Maragogi,BR,2020-11-02 21:19:49,-9.01,-35.22,78.01,79,0,11.72
450,Ruidoso,US,2020-11-02 21:19:49,33.33,-105.67,66.2,16,1,5.82
451,Colgong,IN,2020-11-02 21:19:49,25.27,87.22,69.94,52,5,5.06
452,Garh Maharaja,PK,2020-11-02 21:19:49,30.83,71.91,65.3,27,0,3.42
453,Keningau,MY,2020-11-02 21:19:50,5.34,116.16,77.0,94,40,4.7
454,Barguzin,RU,2020-11-02 21:19:50,53.62,109.62,15.87,81,67,3.06
455,Babocsa,HU,2020-11-02 21:19:50,46.04,17.34,56.98,75,100,3.76
456,Rocha,UY,2020-11-02 21:19:50,-34.48,-54.33,61.88,72,16,8.39
457,Henties Bay,NA,2020-11-02 21:19:51,-22.12,14.28,60.01,86,94,1.99
458,Mudgee,AU,2020-11-02 21:19:51,-32.59,149.59,57.99,100,5,3.36
459,Pompeu,BR,2020-11-02 21:19:51,-19.22,-44.94,69.4,73,34,3.53
460,Sao Joao Da Barra,BR,2020-11-02 21:17:43,-21.64,-41.05,73.4,56,75,13.87
461,Najran,SA,2020-11-02 21:19:51,17.49,44.13,62.6,25,0,0.31
462,Laviana,ES,2020-11-02 21:19:52,43.23,-5.53,55.99,87,100,3.47
463,Guymon,US,2020-11-02 21:19:02,36.68,-101.48,78.8,21,1,11.41
464,Podosinovets,RU,2020-11-02 21:19:52,60.28,47.07,27.12,98,1,6.44
465,Sebrovo,RU,2020-11-02 21:19:52,50.1,43.3,46.0,77,82,1.01
466,Roald,NO,2020-11-02 21:19:53,62.58,6.13,46.4,81,40,17.22
467,Yanam,IN,2020-11-02 21:19:53,16.73,82.22,76.41,80,43,2.08
468,Molepolole,BW,2020-11-02 21:19:53,-24.41,25.5,68.0,56,75,24.16
469,Sibolga,ID,2020-11-02 21:19:53,1.74,98.78,76.64,78,84,4.12
470,Krasnoarmeysk,RU,2020-11-02 21:19:53,51.02,45.7,45.0,74,43,4.0
471,Goundam,ML,2020-11-02 21:19:54,16.41,-3.67,86.47,13,100,12.84
472,Bellwood,US,2020-11-02 21:17:11,41.88,-87.88,51.01,29,75,16.11
473,Liverpool,GB,2020-11-02 21:18:18,53.41,-2.98,48.0,75,40,24.16
474,Maniwaki,CA,2020-11-02 21:17:22,46.38,-75.97,28.4,50,100,10.29
475,Muros,ES,2020-11-02 21:19:54,42.78,-9.06,48.99,94,32,4.56
476,Shizunai,JP,2020-11-02 21:19:54,42.33,142.37,46.26,67,13,7.45
477,Hurghada,EG,2020-11-02 21:19:55,27.26,33.81,75.2,44,0,9.17
478,Ketchikan,US,2020-11-02 21:19:55,55.34,-131.65,53.6,100,90,13.87
479,Algiers,DZ,2020-11-02 21:15:38,36.75,3.04,55.4,93,40,4.7
480,Nhulunbuy,AU,2020-11-02 21:19:55,-12.23,136.77,77.0,83,89,6.26
481,Povenets,RU,2020-11-02 21:19:55,62.85,34.83,43.16,84,100,22.41
482,Abu Samrah,SY,2020-11-02 21:19:55,35.3,37.18,61.0,66,1,2.62
483,Umm Kaddadah,SD,2020-11-02 21:19:56,13.6,26.69,82.6,25,0,21.65
484,Ahipara,NZ,2020-11-02 21:19:56,-35.17,173.17,67.19,76,100,13.67
485,Skjervoy,NO,2020-11-02 21:19:56,70.03,20.97,44.6,65,40,24.16
486,Zhigansk,RU,2020-11-02 21:19:56,66.77,123.37,-1.46,91,100,21.09
487,Comodoro Rivadavia,AR,2020-11-02 21:19:56,-45.87,-67.5,75.2,41,0,2.24
488,Vangaindrano,MG,2020-11-02 21:19:57,-23.35,47.6,69.31,83,49,4.23
489,Valparaiso,CL,2020-11-02 21:19:57,-33.04,-71.63,59.0,72,0,8.05
490,Richards Bay,ZA,2020-11-02 21:19:57,-28.78,32.04,67.82,92,45,6.44
491,Marzuq,YE,2020-11-02 21:19:57,14.4,46.47,61.68,31,0,1.59
492,Vao,NC,2020-11-02 21:19:57,-22.67,167.48,74.82,91,100,4.52
493,Moussoro,TD,2020-11-02 21:19:58,13.64,16.49,86.38,20,78,15.61
494,Poya,NC,2020-11-02 21:19:58,-21.35,165.15,80.6,59,94,1.99
495,Yugo-Kamskiy,RU,2020-11-02 21:19:58,57.71,55.59,26.6,86,90,2.24
496,Padang,ID,2020-11-02 21:19:58,-0.95,100.35,77.92,75,100,2.15
497,Durusu,TR,2020-11-02 21:19:58,41.31,28.68,48.2,87,0,6.93
498,Smithers,CA,2020-11-02 21:19:59,54.78,-127.17,48.2,81,90,5.82
499,Amla,IN,2020-11-02 21:19:59,21.93,78.12,63.41,44,33,2.33
500,Qandala,SO,2020-11-02 21:19:59,11.47,49.87,78.26,75,15,6.49
501,Mayo,US,2020-11-02 21:19:59,38.89,-76.51,48.99,36,1,9.17
502,Correntina,BR,2020-11-02 21:20:00,-13.34,-44.64,73.92,85,99,4.21
503,Douentza,ML,2020-11-02 21:20:00,15.0,-2.95,81.73,16,93,5.7
504,Tiarei,PF,2020-11-02 21:20:00,-17.53,-149.33,84.2,66,75,5.82
505,Andilamena,MG,2020-11-02 21:20:00,-17.02,48.58,56.07,92,44,3.51
506,Cabedelo,BR,2020-11-02 21:20:00,-6.98,-34.83,80.6,74,20,12.75
507,Pahalgam,IN,2020-11-02 21:19:08,34.03,75.33,41.56,52,0,4.29
508,Rio Gallegos,AR,2020-11-02 21:20:01,-51.62,-69.22,64.4,39,75,8.05
509,Puerto Maldonado,PE,2020-11-02 21:20:01,-12.6,-69.18,89.6,40,0,2.24
510,Linxia,CN,2020-11-02 21:20:01,35.6,103.21,38.41,70,100,0.98
511,Omsukchan,RU,2020-11-02 21:20:02,62.53,155.8,10.67,93,100,4.25
512,Wangaratta,AU,2020-11-02 21:20:02,-36.37,146.33,61.0,100,76,3.06
513,Kendari,ID,2020-11-02 21:20:03,-3.94,122.5,75.11,89,81,2.86
514,Jadu,LY,2020-11-02 21:20:03,31.95,12.03,59.14,60,0,5.41
515,Lensk,RU,2020-11-02 21:20:03,60.73,114.93,9.61,85,100,3.87
516,Suluq,LY,2020-11-02 21:20:04,31.67,20.25,66.67,63,18,7.81
517,Rawah,IQ,2020-11-02 21:20:05,34.48,41.91,69.91,32,100,4.21
518,Soluno-Dmitriyevskoye,RU,2020-11-02 21:20:05,44.4,42.73,57.2,67,75,6.71
519,Roebourne,AU,2020-11-02 21:20:05,-20.78,117.13,67.59,47,0,8.57
520,Price,US,2020-11-02 21:18:01,39.6,-110.81,64.4,18,1,5.82
521,Cabo San Lucas,MX,2020-11-02 21:17:46,22.89,-109.91,89.01,48,20,8.05
522,Coahuayana,MX,2020-11-02 21:20:06,18.73,-103.68,86.0,42,40,17.22
523,Katobu,ID,2020-11-02 21:20:06,-4.94,122.53,74.98,88,100,4.43
524,Minas De Barroteran,MX,2020-11-02 21:20:10,27.63,-101.28,70.32,35,96,6.2
525,Bonthe,SL,2020-11-02 21:20:10,7.53,-12.51,79.36,80,65,3.98
526,Acapulco,MX,2020-11-02 21:19:56,16.86,-99.89,86.0,79,20,11.41
527,Fonte Boa,BR,2020-11-02 21:20:10,-2.5,-66.27,87.75,62,72,2.46
528,General Roca,AR,2020-11-02 21:20:10,-39.03,-67.58,93.2,20,0,6.93
529,Kavaratti,IN,2020-11-02 21:20:11,10.57,72.64,82.09,69,0,4.99
530,Along,IN,2020-11-02 21:20:11,28.17,94.77,65.5,89,72,2.08
531,Itarare,BR,2020-11-02 21:20:11,-24.11,-49.33,69.01,63,34,1.99
532,Indian Head,US,2020-11-02 21:17:48,38.6,-77.16,50.0,25,1,16.11
533,Awbari,LY,2020-11-02 21:20:11,26.59,12.78,62.64,48,17,6.6
534,Mantua,IT,2020-11-02 21:20:12,45.17,10.78,55.99,95,55,1.01
535,Honiara,SB,2020-11-02 21:20:12,-9.43,159.95,77.0,94,75,5.82
536,Katherine,AU,2020-11-02 21:20:12,-14.47,132.27,75.2,69,85,5.68
537,Taua,BR,2020-11-02 21:20:12,-5.97,-40.3,85.03,50,100,8.86
538,Maumere,ID,2020-11-02 21:20:13,-8.62,122.21,80.01,76,100,3.96
539,Tabou,CI,2020-11-02 21:20:13,4.42,-7.35,78.58,85,15,4.0
540,Sitrah,BH,2020-11-02 21:20:13,26.15,50.62,78.8,57,0,2.24
541,Noshiro,JP,2020-11-02 21:20:14,40.2,140.02,49.06,76,98,5.39
542,Xuddur,SO,2020-11-02 21:20:14,4.12,43.89,74.32,82,89,9.6
543,Anloga,GH,2020-11-02 21:20:14,5.79,0.9,78.8,83,20,2.24
544,Virginia Beach,US,2020-11-02 21:19:52,36.85,-75.98,52.0,38,0,3.0
545,Urucui,BR,2020-11-02 21:20:15,-7.23,-44.56,78.39,79,100,8.39
546,Luanda,AO,2020-11-02 21:20:15,-8.84,13.23,78.8,83,20,6.93
547,Urdoma,RU,2020-11-02 21:20:16,61.75,48.54,26.85,96,0,7.18
548,Quelimane,MZ,2020-11-02 21:20:16,-17.88,36.89,77.0,83,20,5.82
549,Hong Gai,VN,2020-11-02 21:20:17,20.96,107.09,71.6,68,75,4.7
550,Tianpeng,CN,2020-11-02 21:20:17,30.99,103.94,61.0,1,80,1.92
551,Nantucket,US,2020-11-02 21:20:00,41.28,-70.1,41.0,44,75,25.28
552,Miri,MY,2020-11-02 21:20:18,4.41,114.01,77.0,94,40,5.82
553,Zakharovo,RU,2020-11-02 21:20:18,54.37,39.28,43.0,91,99,4.0
554,Makakilo City,US,2020-11-02 21:20:18,21.35,-158.09,86.0,61,1,4.7
555,Vallenar,CL,2020-11-02 21:19:00,-28.57,-70.76,78.93,23,0,7.61
556,Iquique,CL,2020-11-02 21:20:19,-20.22,-70.14,66.2,63,0,19.46
557,Kazachinskoye,RU,2020-11-02 21:20:19,57.7,93.28,28.18,97,95,6.89
558,Yuzhnyy,RU,2020-11-02 21:20:20,53.25,83.69,30.2,86,75,4.47
559,Nizwa,OM,2020-11-02 21:20:20,22.93,57.53,60.44,32,0,1.25
560,Marsa Matruh,EG,2020-11-02 21:20:21,31.35,27.25,64.4,82,20,5.84
561,Manzil Salim,TN,2020-11-02 21:20:21,35.86,8.48,59.0,51,0,4.7
